first_name,last_name,email,address 
Jerald,Andrysek,jandrysek0@topsy.com,Apt 844
Dominik,Stife,dstife1@blogspot.com,Suite 97
Charlena,Tubb,ctubb2@disqus.com,PO Box 89442
Corene,Grandin,cgrandin3@amazon.co.jp,PO Box 98862
Taber,Derisly,tderisly4@oakley.com,10th Floor
Myca,Ghest,mghest5@blogs.com,Room 793
Jewelle,Wanek,jwanek6@yelp.com,Room 603
Lyell,Hurring,lhurring7@cnet.com,Suite 60
Sara,Haly,shaly8@example.com,19th Floor
Leontyne,Nulty,lnulty9@last.fm,Room 1985
Moria,Fillan,mfillana@kickstarter.com,Apt 1611
Vito,Moretto,vmorettob@tumblr.com,Room 1108
Moss,Exeter,mexeterc@vimeo.com,Suite 22
Desiri,Huxham,dhuxhamd@tinyurl.com,PO Box 42298
Mellisent,Millhouse,mmillhousee@tinypic.com,Room 1996
Goldia,Arnaudet,garnaudetf@examiner.com,Suite 96
Dorri,Winridge,dwinridgeg@infoseek.co.jp,Apt 1569
Alvie,Accum,aaccumh@sun.com,Apt 472
Alfie,Goodge,agoodgei@omniture.com,Apt 1379
Joann,Grellis,jgrellisj@rambler.ru,Room 703
Morey,Asp,maspk@webnode.com,Apt 650
Oralla,De Roos,oderoosl@elegantthemes.com,Suite 17
Patin,Fann,pfannm@google.ca,Room 87
Seka,Wohler,swohlern@google.co.jp,20th Floor
Ewan,Brownsword,ebrownswordo@zimbio.com,Suite 82
Karlen,Barnwille,kbarnwillep@cloudflare.com,Apt 1609
Nola,Toleman,ntolemanq@surveymonkey.com,PO Box 98740
Homerus,Golsworthy,hgolsworthyr@oakley.com,Suite 15
Bartholomew,Macci,bmaccis@java.com,PO Box 68425
Carolin,Ribchester,cribchestert@de.vu,Apt 1608
Bryna,Yankeev,byankeevu@arizona.edu,Suite 79
Maddy,Paprotny,mpaprotnyv@accuweather.com,Room 25
Tedmund,Wrightem,twrightemw@hubpages.com,PO Box 1367
Corabella,Sambedge,csambedgex@dmoz.org,PO Box 74675
Carmela,Grieger,cgriegery@shutterfly.com,Apt 955
Roxanne,Smaile,rsmailez@comcast.net,Room 751
Carmel,Wenham,cwenham10@meetup.com,Suite 27
Stephannie,Hearfield,shearfield11@de.vu,Apt 814
Elana,Gadd,egadd12@berkeley.edu,18th Floor
Margalo,Trustram,mtrustram13@vkontakte.ru,Room 18
Janette,Turfitt,jturfitt14@opensource.org,Apt 1072
Benoit,Savage,bsavage15@nhs.uk,PO Box 71741
Toby,Shalcros,tshalcros16@webeden.co.uk,19th Floor
Althea,Swadlinge,aswadlinge17@biglobe.ne.jp,Suite 15
Cece,Allgood,callgood18@nytimes.com,Apt 426
Moss,Skehan,mskehan19@hhs.gov,7th Floor
Vikky,Elvish,velvish1a@auda.org.au,Suite 64
Martin,Jeannard,mjeannard1b@house.gov,Apt 1585
Hester,Whittenbury,hwhittenbury1c@goodreads.com,Apt 494
Aila,Petts,apetts1d@vinaora.com,Apt 1396
Archaimbaud,Hemshall,ahemshall1e@cargocollective.com,Room 1200
Lon,Branford,lbranford1f@bloglovin.com,Suite 9
Vasili,Saywell,vsaywell1g@smh.com.au,PO Box 82858
Abbey,Gamlin,agamlin1h@taobao.com,Room 589
Torrin,Splevin,tsplevin1i@studiopress.com,PO Box 40356
Cleon,Purkins,cpurkins1j@wikimedia.org,Apt 1477
Jeth,Roscoe,jroscoe1k@desdev.cn,PO Box 23539
Yancy,Inkster,yinkster1l@usgs.gov,Apt 1443
Kendall,Starbuck,kstarbuck1m@sina.com.cn,Apt 98
Dori,Woolvett,dwoolvett1n@apache.org,14th Floor
Katharine,Lukesch,klukesch1o@mtv.com,PO Box 81294
Gleda,Musk,gmusk1p@symantec.com,Room 78
Patric,La Batie,plabatie1q@lycos.com,Apt 1932
Darnell,Cann,dcann1r@hc360.com,Room 1883
Barn,Lukianov,blukianov1s@lycos.com,Room 174
Clive,Tummond,ctummond1t@dyndns.org,Suite 41
Kamila,Kleint,kkleint1u@mac.com,Suite 33
Brandi,Paradine,bparadine1v@1688.com,PO Box 26068
Kerwin,Jehan,kjehan1w@japanpost.jp,Room 26
Brigit,Haresnaip,bharesnaip1x@fc2.com,Apt 5
Allina,Persence,apersence1y@discovery.com,8th Floor
Cosette,Pearce,cpearce1z@time.com,PO Box 98652
Michal,Storres,mstorres20@hostgator.com,16th Floor
Heidi,Majury,hmajury21@instagram.com,Suite 32
Theodosia,Oger,toger22@com.com,Room 432
Koressa,Goaks,kgoaks23@photobucket.com,Apt 766
Aland,Malmar,amalmar24@privacy.gov.au,Suite 24
Felicdad,Hearnah,fhearnah25@reverbnation.com,PO Box 62493
Stella,Bointon,sbointon26@icio.us,Apt 920
Shelli,Maysor,smaysor27@shareasale.com,4th Floor
Madeline,Hannah,mhannah28@go.com,Room 251
Netty,Cruse,ncruse29@dot.gov,Room 1132
Joey,Olliar,jolliar2a@blogspot.com,13th Floor
Valera,Lazare,vlazare2b@sakura.ne.jp,Apt 728
Olivette,Guiso,oguiso2c@reddit.com,Suite 49
Jerrie,Odom,jodom2d@ebay.com,15th Floor
Jobye,Kiffe,jkiffe2e@wordpress.com,13th Floor
Barth,Brumby,bbrumby2f@digg.com,Room 1615
Anstice,Weatherhogg,aweatherhogg2g@netvibes.com,Room 1287
Raquel,Halvorsen,rhalvorsen2h@dedecms.com,13th Floor
Gregor,Britton,gbritton2i@youku.com,PO Box 76342
Herta,Frake,hfrake2j@unicef.org,20th Floor
Robina,Grattage,rgrattage2k@home.pl,Suite 21
Pandora,Kingsford,pkingsford2l@exblog.jp,Apt 1185
Karin,Oldershaw,koldershaw2m@wired.com,16th Floor
Travers,Stebbins,tstebbins2n@cmu.edu,19th Floor
Trisha,Launchbury,tlaunchbury2o@weebly.com,Apt 268
Bryon,Legier,blegier2p@usa.gov,PO Box 55345
Judy,Gorcke,jgorcke2q@icq.com,Room 1032
Hart,MacCardle,hmaccardle2r@uiuc.edu,12th Floor
Dyane,Garner,dgarner2s@yandex.ru,PO Box 59687
Cicily,Blow,cblow2t@goodreads.com,PO Box 858
Joane,Aveson,javeson2u@sbwire.com,Apt 340
Gardener,Barlow,gbarlow2v@bizjournals.com,Suite 74
Sergeant,Kwietak,skwietak2w@macromedia.com,PO Box 70404
Cord,McKissack,cmckissack2x@aboutads.info,Room 1146
Gisele,Gorler,ggorler2y@ucsd.edu,Apt 419
Legra,Lightollers,llightollers2z@prweb.com,Suite 53
Dionne,Bhar,dbhar30@furl.net,Apt 915
Trudi,Bodiam,tbodiam31@stumbleupon.com,Room 157
Golda,Windle,gwindle32@yale.edu,PO Box 18846
Tadio,Snelman,tsnelman33@time.com,PO Box 49814
Rriocard,Churchin,rchurchin34@newyorker.com,Apt 718
Wilhelm,Grunwall,wgrunwall35@stanford.edu,11th Floor
Timothea,Brant,tbrant36@bandcamp.com,PO Box 17823
Brigit,Maior,bmaior37@wsj.com,Apt 643
Nataniel,Lauga,nlauga38@amazonaws.com,Suite 2
Kylila,Bras,kbras39@unc.edu,PO Box 12251
Fredric,Oxbrough,foxbrough3a@patch.com,Room 1162
Aurelia,Bumford,abumford3b@google.com.br,6th Floor
Obadias,Kull,okull3c@reverbnation.com,PO Box 6300
Shirl,Berrey,sberrey3d@sbwire.com,Room 1878
Abbey,Ortler,aortler3e@webs.com,13th Floor
Maurice,O'Towey,motowey3f@nsw.gov.au,Apt 885
Randene,Bundy,rbundy3g@uol.com.br,Apt 1998
Dinny,Annear,dannear3h@indiatimes.com,Apt 1081
Jacklyn,Forcer,jforcer3i@plala.or.jp,5th Floor
Leonid,Henryson,lhenryson3j@netvibes.com,Room 112
Cher,Ebbage,cebbage3k@bing.com,PO Box 83424
Heidie,McGuinness,hmcguinness3l@wordpress.com,Suite 61
Edgar,Siggens,esiggens3m@reddit.com,Room 385
Wait,Wheatley,wwheatley3n@nature.com,Suite 99
Corbie,Gravenor,cgravenor3o@de.vu,PO Box 63576
Tasia,Gheraldi,tgheraldi3p@slideshare.net,Room 1859
Orsa,Frediani,ofrediani3q@so-net.ne.jp,PO Box 18559
Fredi,Llywarch,fllywarch3r@cbslocal.com,PO Box 44580
Sherie,Collings,scollings3s@symantec.com,Apt 1576
Pincus,Dryburgh,pdryburgh3t@dedecms.com,12th Floor
Dilan,Wrixon,dwrixon3u@zdnet.com,PO Box 35807
Crosby,Gurry,cgurry3v@slideshare.net,4th Floor
Drusi,Shillito,dshillito3w@goo.gl,Apt 173
Alys,Forri,aforri3x@apple.com,Suite 37
Miof mela,Reynolds,mreynolds3y@indiegogo.com,PO Box 31883
Ashla,Iglesia,aiglesia3z@wix.com,Suite 75
Elfie,Leamon,eleamon40@cdbaby.com,10th Floor
Nadia,Izac,nizac41@cbslocal.com,15th Floor
Rodi,Gurney,rgurney42@noaa.gov,Room 1942
Esmeralda,Lewson,elewson43@amazon.co.jp,2nd Floor
Nedda,Podbury,npodbury44@google.com,19th Floor
Caye,Saph,csaph45@mlb.com,Apt 702
Dalston,Harmar,dharmar46@spotify.com,Suite 61
Martguerita,Zute,mzute47@independent.co.uk,Room 1990
Marlena,Dennis,mdennis48@webeden.co.uk,17th Floor
Lauree,Codling,lcodling49@altervista.org,Suite 82
Arabella,Kaming,akaming4a@google.fr,Room 1042
Killy,Brougham,kbrougham4b@mashable.com,15th Floor
Nero,Arlidge,narlidge4c@tmall.com,Suite 35
Asher,Andri,aandri4d@noaa.gov,PO Box 93517
Davy,Dobeson,ddobeson4e@cbslocal.com,Apt 1849
Merle,Shillabeer,mshillabeer4f@hud.gov,PO Box 7850
Madelin,Vasenin,mvasenin4g@phoca.cz,Apt 800
Erin,Danter,edanter4h@xinhuanet.com,PO Box 7991
Colette,Dorbin,cdorbin4i@answers.com,Room 579
Edy,Massard,emassard4j@cyberchimps.com,PO Box 90351
Arin,Mirralls,amirralls4k@odnoklassniki.ru,Apt 152
Marina,Scates,mscates4l@apache.org,Suite 100
Silvester,Redon,sredon4m@list-manage.com,Room 1763
Joyce,Wasselin,jwasselin4n@nih.gov,Room 468
Cara,Pover,cpover4o@shareasale.com,Apt 1071
Jasun,Covill,jcovill4p@booking.com,3rd Floor
Corrie,Jepensen,cjepensen4q@slate.com,Room 413
Audra,De Hailes,adehailes4r@constantcontact.com,Apt 133
Renado,Stirrip,rstirrip4s@engadget.com,Apt 866
Hyacinth,Wehner,hwehner4t@google.co.jp,Apt 374
Hogan,Kirsche,hkirsche4u@nsw.gov.au,Room 1980
Jessa,O'Mohun,jomohun4v@craigslist.org,Room 230
Kayle,Tregea,ktregea4w@dyndns.org,Apt 677
Sisely,Lisciandri,slisciandri4x@spotify.com,1st Floor
Elias,Tweddle,etweddle4y@webeden.co.uk,Apt 1339
Franchot,Ragless,fragless4z@storify.com,18th Floor
Maurits,Daout,mdaout50@nymag.com,PO Box 26313
Halie,Sattin,hsattin51@51.la,Suite 68
Barby,Riceards,briceards52@mozilla.org,12th Floor
Fey,Chirm,fchirm53@si.edu,Suite 20
Putnem,Saltmarshe,psaltmarshe54@latimes.com,Room 814
Letitia,Creelman,lcreelman55@linkedin.com,PO Box 6168
Laetitia,Carmichael,lcarmichael56@amazon.de,Suite 91
Michaelina,Grimwade,mgrimwade57@163.com,Room 1405
Nanice,Roust,nroust58@geocities.com,2nd Floor
Riccardo,Pawle,rpawle59@angelfire.com,7th Floor
Idaline,Hollow,ihollow5a@posterous.com,Room 1863
Miquela,Crossland,mcrossland5b@dropbox.com,Suite 3
Georgie,Barensen,gbarensen5c@ucla.edu,10th Floor
Terri-jo,Lovat,tlovat5d@a8.net,PO Box 40507
Willa,Pestridge,wpestridge5e@wisc.edu,Room 691
Dall,Kennifick,dkennifick5f@webmd.com,16th Floor
Aggy,Insko,ainsko5g@alexa.com,12th Floor
Gerald,Crewther,gcrewther5h@businessweek.com,Apt 1210
Benedikta,Bleakman,bbleakman5i@reference.com,PO Box 34035
Velvet,Schneidar,vschneidar5j@ow.ly,Room 616
Gnni,Boyne,gboyne5k@altervista.org,PO Box 63968
Hilde,Simonds,hsimonds5l@alibaba.com,Apt 1579
Engelbert,Yakovich,eyakovich5m@accuweather.com,19th Floor
Rem,Gooly,rgooly5n@un.org,Apt 1221
Pasquale,Matteoli,pmatteoli5o@msn.com,Room 1532
Fonzie,Evans,fevans5p@tmall.com,11th Floor
Sunshine,Brace,sbrace5q@scribd.com,PO Box 36282
Vevay,Bendall,vbendall5r@pbs.org,PO Box 44265
Nellie,Sellan,nsellan5s@tiny.cc,Suite 4
Jobye,Craik,jcraik5t@tinypic.com,Apt 439
Fenelia,Currier,fcurrier5u@cpanel.net,Room 562
Jasen,Bawme,jbawme5v@gmpg.org,Room 221
Codi,Akers,cakers5w@lulu.com,Apt 1532
Frankie,Stroban,fstroban5x@nydailynews.com,PO Box 75656
Ingamar,Ferreira,iferreira5y@themeforest.net,PO Box 45351
Paulie,Van der Brugge,pvanderbrugge5z@theguardian.com,Room 1488
Candis,Rown,crown60@cpanel.net,Apt 1478
Trace,Battrum,tbattrum61@vistaprint.com,Apt 1197
Dennet,Halvorsen,dhalvorsen62@harvard.edu,PO Box 34017
Aleda,Teresia,ateresia63@furl.net,PO Box 29187
Drucy,Pinch,dpinch64@google.es,17th Floor
Meade,Erridge,merridge65@google.fr,Room 143
Elyn,Mastrantone,emastrantone66@sciencedirect.com,18th Floor
Darcy,Maidens,dmaidens67@tmall.com,PO Box 96898
Giles,Hexum,ghexum68@themeforest.net,Room 1447
Norrie,Zambonini,nzambonini69@telegraph.co.uk,Room 294
Rosemarie,McKean,rmckean6a@yellowbook.com,PO Box 79438
Anson,Boak,aboak6b@cbslocal.com,Room 1150
Eddie,Regenhardt,eregenhardt6c@usgs.gov,5th Floor
Florian,Scotchmur,fscotchmur6d@squidoo.com,PO Box 90913
Chic,Raulin,craulin6e@statcounter.com,Room 257
Fred,Genge,fgenge6f@ehow.com,Room 1817
Kiley,Kowalski,kkowalski6g@google.ru,15th Floor
Perri,D'Aeth,pdaeth6h@163.com,15th Floor
Jermayne,Lerven,jlerven6i@dropbox.com,Suite 100
Hunt,Robic,hrobic6j@sciencedirect.com,Suite 63
Caron,Whelan,cwhelan6k@washingtonpost.com,Apt 807
Leif,Bouts,lbouts6l@dmoz.org,18th Floor
Marcelo,Kenion,mkenion6m@ycombinator.com,Room 159
Brnaby,Keller,bkeller6n@webeden.co.uk,Suite 95
Taryn,Jakaway,tjakaway6o@sphinn.com,Apt 1783
Vassili,Lisimore,vlisimore6p@omniture.com,17th Floor
Gilburt,Frays,gfrays6q@huffingtonpost.com,Suite 65
Dael,Fones,dfones6r@diigo.com,Apt 1244
Wayland,Frankling,wfrankling6s@ucla.edu,20th Floor
Phip,Klimus,pklimus6t@vimeo.com,4th Floor
Thomasin,Glowinski,tglowinski6u@google.com.br,14th Floor
Jeanie,Huggin,jhuggin6v@china.com.cn,2nd Floor
Cynthia,Noye,cnoye6w@ehow.com,7th Floor
Sumner,Tippin,stippin6x@ucla.edu,PO Box 62602
Glyn,Welsby,gwelsby6y@ebay.com,Room 1373
Thorsten,Brookshaw,tbrookshaw6z@bloglovin.com,Room 1511
Kordula,Desvignes,kdesvignes70@economist.com,6th Floor
Eliza,Bemlott,ebemlott71@comcast.net,PO Box 870
Horatio,Battram,hbattram72@acquirethisname.com,Apt 1743
Nanci,Simenon,nsimenon73@liveinternet.ru,Room 1008
Justina,Boggon,jboggon74@narod.ru,PO Box 26991
Clem,Legerton,clegerton75@digg.com,14th Floor
Nerta,Lovejoy,nlovejoy76@yellowbook.com,PO Box 95986
Lexine,Wall,lwall77@loc.gov,Suite 67
Klara,Marmyon,kmarmyon78@virginia.edu,Suite 30
Petrina,Foukx,pfoukx79@weibo.com,8th Floor
Rollin,Cubin,rcubin7a@acquirethisname.com,Apt 393
Montague,Brasse,mbrasse7b@ihg.com,PO Box 82097
Lethia,Mears,lmears7c@wix.com,Apt 727
Keelby,Pelos,kpelos7d@istockphoto.com,Apt 1401
Elke,Broz,ebroz7e@mac.com,Room 1015
Ellissa,Arlett,earlett7f@ted.com,13th Floor
Brandi,Jardin,bjardin7g@dell.com,Room 1142
Danyelle,Furmagier,dfurmagier7h@themeforest.net,Apt 130
Corabella,Cours,ccours7i@geocities.jp,Suite 64
Skippy,Persey,spersey7j@yellowpages.com,2nd Floor
Shelley,Burrell,sburrell7k@china.com.cn,Apt 1217
Aron,McGready,amcgready7l@hubpages.com,14th Floor
Marchelle,Edie,medie7m@paginegialle.it,5th Floor
Arvy,Bealing,abealing7n@netscape.com,PO Box 83338
Cammy,Pickworth,cpickworth7o@toplist.cz,Suite 61
Noach,McArdle,nmcardle7p@xing.com,14th Floor
Kippy,Benkhe,kbenkhe7q@hubpages.com,13th Floor
Morissa,Carncross,mcarncross7r@census.gov,PO Box 27174
Timmy,Bellin,tbellin7s@nsw.gov.au,Apt 1722
Lockwood,Pirelli,lpirelli7t@fema.gov,Room 312
Thurston,Monery,tmonery7u@odnoklassniki.ru,Room 1456
Gery,Tombleson,gtombleson7v@netscape.com,13th Floor
Napoleon,Dowdall,ndowdall7w@mit.edu,5th Floor
Lonee,Meneghelli,lmeneghelli7x@sfgate.com,Apt 1692
Rafaello,Jobin,rjobin7y@omniture.com,Apt 1994
Ashlin,Ridgeway,aridgeway7z@edublogs.org,PO Box 56148
Vickie,Risbie,vrisbie80@techcrunch.com,14th Floor
Zerk,Jewsbury,zjewsbury81@over-blog.com,PO Box 5761
Anne-marie,Elcombe,aelcombe82@naver.com,Room 350
Jayme,Quarmby,jquarmby83@usgs.gov,12th Floor
Rich,Armand,rarmand84@rakuten.co.jp,Suite 44
Arluene,Dust,adust85@cmu.edu,Room 1411
Darb,Iscowitz,discowitz86@hexun.com,PO Box 10389
Allyn,Loins,aloins87@phpbb.com,Suite 24
Rubina,Attle,rattle88@vinaora.com,Room 1313
Eyde,Fellgatt,efellgatt89@creativecommons.org,3rd Floor
Josi,Teaze,jteaze8a@reuters.com,PO Box 5776
Dominik,Hindge,dhindge8b@nsw.gov.au,Apt 435
Teodorico,Cleveley,tcleveley8c@statcounter.com,Suite 31
Audrye,Hierro,ahierro8d@nba.com,Suite 70
Timothy,Lehmann,tlehmann8e@pbs.org,Room 1241
Shandie,Janney,sjanney8f@unesco.org,Apt 1867
Carina,Allright,callright8g@yelp.com,Room 1343
Sayer,Piolli,spiolli8h@edublogs.org,PO Box 83506
Dante,Burgwin,dburgwin8i@msn.com,2nd Floor
Allan,Bramont,abramont8j@vkontakte.ru,PO Box 62270
Jaynell,Naire,jnaire8k@stanford.edu,PO Box 41579
Honey,Danne,hdanne8l@sciencedirect.com,Apt 1979
Zaneta,Fazzioli,zfazzioli8m@stanford.edu,Apt 110
Sander,Kares,skares8n@stumbleupon.com,16th Floor
Zared,Maevela,zmaevela8o@com.com,Suite 82
Ancell,Quail,aquail8p@imgur.com,11th Floor
Galven,Tooke,gtooke8q@accuweather.com,PO Box 23267
Clerissa,Minchell,cminchell8r@barnesandnoble.com,PO Box 77547
Angeline,Crut,acrut8s@dell.com,Apt 1984
Billie,Carnilian,bcarnilian8t@engadget.com,PO Box 6080
Tisha,Bramble,tbramble8u@timesonline.co.uk,5th Floor
Quintina,Guinnane,qguinnane8v@arstechnica.com,20th Floor
Lilas,Caddell,lcaddell8w@mac.com,Suite 28
Eleonore,Bustin,ebustin8x@typepad.com,Room 1040
Julian,Rustman,jrustman8y@photobucket.com,Apt 503
Laurence,Tibbetts,ltibbetts8z@unicef.org,Suite 67
Decca,Sweeting,dsweeting90@163.com,PO Box 82903
Buffy,Edmondson,bedmondson91@flickr.com,Room 957
Lyndsay,Harradine,lharradine92@slate.com,Suite 12
Waverly,Dibble,wdibble93@blogspot.com,Suite 34
Sibeal,Frantzeni,sfrantzeni94@mtv.com,Apt 550
Demetra,Fulleylove,dfulleylove95@gizmodo.com,Room 1536
Staford,Cleghorn,scleghorn96@epa.gov,4th Floor
Wyn,Matthews,wmatthews97@mozilla.org,3rd Floor
Janka,Deam,jdeam98@java.com,Room 461
Clara,Goodbur,cgoodbur99@hhs.gov,13th Floor
Dorree,Lamming,dlamming9a@google.ca,Suite 61
Adria,Evins,aevins9b@booking.com,PO Box 86405
Courtney,Andrasch,candrasch9c@shareasale.com,Room 606
Adriano,Currell,acurrell9d@posterous.com,Apt 45
Torey,Rushbrook,trushbrook9e@ibm.com,Room 784
Ilario,Esherwood,iesherwood9f@slate.com,Apt 1261
Dorthy,Fri,dfri9g@zdnet.com,PO Box 70688
Eirena,Grundey,egrundey9h@senate.gov,Suite 72
Correy,Kenright,ckenright9i@businessweek.com,Suite 93
Elias,Cosstick,ecosstick9j@lulu.com,Suite 96
Cirilo,Burbidge,cburbidge9k@cargocollective.com,Apt 1765
Noelyn,Ragbourne,nragbourne9l@weather.com,Apt 1462
Teresa,Mattosoff,tmattosoff9m@github.com,3rd Floor
Clementius,Mattityahou,cmattityahou9n@sciencedaily.com,Apt 800
Nappy,Frise,nfrise9o@homestead.com,Room 602
Regan,Savine,rsavine9p@barnesandnoble.com,Suite 13
Jereme,Simione,jsimione9q@shareasale.com,Suite 59
Spike,MacShane,smacshane9r@ifeng.com,PO Box 12996
Mick,Keuneke,mkeuneke9s@cbslocal.com,PO Box 77277
Henka,Chatain,hchatain9t@thetimes.co.uk,Suite 24
Otto,Ravenscroftt,oravenscroftt9u@joomla.org,PO Box 61882
Terence,Kynston,tkynston9v@nasa.gov,Apt 163
Frederick,Jellard,fjellard9w@prlog.org,Room 248
Elora,Leeves,eleeves9x@va.gov,Suite 12
Gregor,Carney,gcarney9y@globo.com,Room 1765
Sapphire,Tarney,starney9z@joomla.org,Room 1272
Adah,Allsupp,aallsuppa0@telegraph.co.uk,Apt 180
Carmel,Wasteney,cwasteneya1@bandcamp.com,Suite 11
Giraldo,Fery,gferya2@tinyurl.com,Suite 80
Berna,Giorgini,bgiorginia3@engadget.com,Apt 1617
Adi,Greenhill,agreenhilla4@businessweek.com,Apt 526
Shelley,Berford,sberforda5@bloomberg.com,PO Box 35627
Mellisent,Moorcroft,mmoorcrofta6@unesco.org,Room 707
Merrile,Sowerby,msowerbya7@prweb.com,Room 441
Hastie,Inmett,hinmetta8@nps.gov,PO Box 67340
Durward,O'Carney,docarneya9@webnode.com,Suite 32
Patience,De Rye Barrett,pderyebarrettaa@noaa.gov,Room 1417
Ella,O'Haire,eohaireab@wsj.com,Room 1692
Leoine,de Cullip,ldecullipac@howstuffworks.com,Apt 875
Betsy,Vanni,bvanniad@chicagotribune.com,Suite 16
Caryl,Beedom,cbeedomae@msn.com,19th Floor
Maire,Lemmens,mlemmensaf@xing.com,Suite 40
Alis,Marson,amarsonag@fastcompany.com,Suite 66
Isidora,Ferenczy,iferenczyah@godaddy.com,Suite 38
Miner,Sleeman,msleemanai@smugmug.com,11th Floor
Rollins,Paviour,rpaviouraj@ihg.com,10th Floor
Pearla,Letterick,pletterickak@biblegateway.com,PO Box 3677
Lise,Durtnel,ldurtnelal@myspace.com,Apt 1426
Theresina,Taphouse,ttaphouseam@ustream.tv,19th Floor
Michale,Hazelby,mhazelbyan@storify.com,Apt 1284
Neall,Killich,nkillichao@livejournal.com,Room 909
Norrie,Keigher,nkeigherap@sohu.com,Room 780
Giralda,Seaborn,gseabornaq@is.gd,PO Box 35655
Ettore,Dacke,edackear@ovh.net,Room 376
Arman,Masding,amasdingas@nydailynews.com,Apt 273
Gerri,Mattheissen,gmattheissenat@scribd.com,PO Box 44363
Gabriel,Rowbury,growburyau@yellowpages.com,Room 1432
Ethelind,Adelberg,eadelbergav@merriam-webster.com,Suite 21
Gonzalo,Hovard,ghovardaw@vimeo.com,Room 1931
Isahella,Arnholtz,iarnholtzax@blog.com,17th Floor
Katerina,Syme,ksymeay@youtu.be,PO Box 12726
Cristiano,Jayme,cjaymeaz@deliciousdays.com,PO Box 41132
Stanislaw,Gadsdon,sgadsdonb0@networksolutions.com,Room 722
Doug,Agett,dagettb1@sciencedaily.com,14th Floor
Mariya,Esch,meschb2@furl.net,9th Floor
Currey,Josselsohn,cjosselsohnb3@e-recht24.de,Room 170
Carina,Kiln,ckilnb4@engadget.com,Room 214
Harrison,Gianinotti,hgianinottib5@shinystat.com,Suite 22
Saidee,Morrell,smorrellb6@delicious.com,Apt 1361
Lindsay,Hansberry,lhansberryb7@fema.gov,Apt 595
Sissie,Dooler,sdoolerb8@sphinn.com,PO Box 76292
Brunhilde,Skyme,bskymeb9@t-online.de,Apt 1348
Vera,Cropp,vcroppba@cornell.edu,Apt 485
Anestassia,Densumbe,adensumbebb@gmpg.org,PO Box 14434
Moss,Yanshinov,myanshinovbc@omniture.com,4th Floor
Durand,Ison,disonbd@pbs.org,Apt 1926
Marley,Haacker,mhaackerbe@salon.com,Room 1095
Arnold,Pilgrim,apilgrimbf@time.com,16th Floor
Kristoffer,Dillimore,kdillimorebg@walmart.com,PO Box 20328
Barbie,Culy,bculybh@senate.gov,Room 1943
Demetria,Spilling,dspillingbi@yandex.ru,PO Box 28832
Maison,Chopin,mchopinbj@netscape.com,17th Floor
Bell,Campkin,bcampkinbk@fastcompany.com,Suite 65
Nert,Caldow,ncaldowbl@netlog.com,Suite 8
Cass,Ruffy,cruffybm@ning.com,Suite 50
Mel,Brierley,mbrierleybn@toplist.cz,Apt 1585
Tomi,Pues,tpuesbo@hp.com,Apt 1871
Wat,Boerderman,wboerdermanbp@cnbc.com,19th Floor
Aeriel,Ness,anessbq@ebay.co.uk,Suite 59
Willey,Turmel,wturmelbr@fastcompany.com,PO Box 29959
Tedmund,Bartusek,tbartusekbs@smugmug.com,Suite 23
Johannah,Walaron,jwalaronbt@fotki.com,Apt 1672
Connie,Deason,cdeasonbu@ask.com,PO Box 49645
Lula,Ditch,lditchbv@gnu.org,Suite 24
Berkeley,Samwaye,bsamwayebw@webnode.com,Suite 4
Ellery,Hardstaff,ehardstaffbx@seattletimes.com,7th Floor
Haleigh,Farebrother,hfarebrotherby@google.co.uk,3rd Floor
Nicol,Mendez,nmendezbz@illinois.edu,Suite 75
Adda,Brandrick,abrandrickc0@newyorker.com,Apt 1380
Erv,McMeyler,emcmeylerc1@vimeo.com,Apt 83
Wye,Hansen,whansenc2@geocities.jp,Apt 247
Jordana,Wharram,jwharramc3@zimbio.com,Suite 65
Ivy,Smitherman,ismithermanc4@bloglovin.com,Suite 54
Marni,Chatwin,mchatwinc5@washingtonpost.com,Suite 14
Milzie,Gipp,mgippc6@stumbleupon.com,9th Floor
Baxy,Kynforth,bkynforthc7@angelfire.com,Apt 1213
Evaleen,Allchorn,eallchornc8@homestead.com,Room 222
Gratia,Robins,grobinsc9@earthlink.net,17th Floor
Antonetta,Gummory,agummoryca@networksolutions.com,20th Floor
Lynelle,Wasiel,lwasielcb@cbslocal.com,12th Floor
Caye,Ber,cbercc@opensource.org,Room 943
Ruthann,Aspel,raspelcd@goo.gl,18th Floor
Rois,Haggerty,rhaggertyce@soup.io,Room 266
Mara,Eilert,meilertcf@rediff.com,Room 1280
Karlik,Kneal,kknealcg@imdb.com,13th Floor
Ketti,Bissiker,kbissikerch@foxnews.com,Room 446
Korney,Rogeon,krogeonci@multiply.com,Apt 237
Patin,Floyed,pfloyedcj@cdc.gov,Suite 75
Ely,Edgerley,eedgerleyck@ted.com,Suite 3
Kattie,Cave,kcavecl@bbc.co.uk,Room 1067
Barbette,Bernadzki,bbernadzkicm@army.mil,10th Floor
Allyn,Born,aborncn@virginia.edu,20th Floor
Annabal,Waiton,awaitonco@paypal.com,Room 673
Roma,McCallion,rmccallioncp@answers.com,Suite 95
Tomasine,Arrigo,tarrigocq@posterous.com,Suite 91
Zacharie,Iacoboni,ziacobonicr@hubpages.com,Room 634
Selia,Antal,santalcs@seesaa.net,Apt 766
Bibbie,Glackin,bglackinct@cyberchimps.com,Room 1291
Gael,Ellings,gellingscu@ehow.com,Apt 429
Minetta,Liveley,mliveleycv@dell.com,PO Box 55124
Ashia,Bassill,abassillcw@usatoday.com,7th Floor
Shanna,Killough,skilloughcx@domainmarket.com,PO Box 94732
Audra,Haylands,ahaylandscy@home.pl,PO Box 69290
Cindra,Spenceley,cspenceleycz@example.com,Suite 3
Onfre,Santello,osantellod0@dion.ne.jp,Suite 41
Jasen,McCrohon,jmccrohond1@fastcompany.com,9th Floor
Benita,Kinny,bkinnyd2@seesaa.net,PO Box 47430
Bernelle,Buckler,bbucklerd3@imgur.com,Apt 1451
Evelyn,Alderton,ealdertond4@pinterest.com,Room 1980
Kristen,Goult,kgoultd5@nytimes.com,Apt 222
Karil,Stebbings,kstebbingsd6@reuters.com,6th Floor
Codi,Dregan,cdregand7@sitemeter.com,PO Box 57541
Rosalynd,Canham,rcanhamd8@ucoz.ru,Apt 582
Bird,Filoniere,bfiloniered9@vistaprint.com,4th Floor
Charita,Teligin,cteliginda@netvibes.com,11th Floor
Jordain,Bastow,jbastowdb@usnews.com,PO Box 2931
Lynsey,Cuel,lcueldc@github.io,Apt 1704
Brandy,Perrin,bperrindd@netscape.com,Apt 1910
Hyacinthe,Dennert,hdennertde@issuu.com,Room 1697
Aeriel,Godspede,agodspededf@wikimedia.org,Room 1906
Bradley,Frankcom,bfrankcomdg@privacy.gov.au,Suite 40
Erie,Sworder,esworderdh@cornell.edu,Apt 216
Latisha,Gelling,lgellingdi@blogger.com,Room 1928
Holly-anne,Pead,hpeaddj@washingtonpost.com,8th Floor
Guthrey,Bartholomieu,gbartholomieudk@cisco.com,Room 454
Bili,Fountaine,bfountainedl@ovh.net,Room 1781
Sargent,Hammerstone,shammerstonedm@angelfire.com,PO Box 36568
Danny,Strangeways,dstrangewaysdn@clickbank.net,6th Floor
Kylie,Kitchener,kkitchenerdo@earthlink.net,Room 22
Kimbell,Dilworth,kdilworthdp@shop-pro.jp,1st Floor
Brandais,Volonte,bvolontedq@vistaprint.com,Suite 1
Katalin,Titman,ktitmandr@printfriendly.com,Room 1368
Jemimah,Skaid,jskaidds@reference.com,6th Floor
Klara,Mussen,kmussendt@goo.gl,Room 496
Liliane,Varker,lvarkerdu@vistaprint.com,9th Floor
Fanechka,MacDowall,fmacdowalldv@virginia.edu,11th Floor
Marcello,Stuffins,mstuffinsdw@myspace.com,9th Floor
Liesa,Karus,lkarusdx@instagram.com,PO Box 89123
Barbette,Niblett,bniblettdy@mac.com,16th Floor
Obadias,Braunfeld,obraunfelddz@state.tx.us,Apt 1183
Sebastiano,Fromant,sfromante0@altervista.org,Room 529
Vally,Filer,vfilere1@who.int,Suite 33
Carlynn,Wareing,cwareinge2@vinaora.com,Room 986
Rice,Fursey,rfurseye3@howstuffworks.com,PO Box 33741
Aldus,Merriment,amerrimente4@icq.com,Room 1202
Chery,Ivanyushkin,civanyushkine5@hexun.com,Apt 520
Mareah,Schrieves,mschrievese6@wordpress.com,Suite 65
Anabel,Deniske,adeniskee7@ed.gov,Suite 83
Derby,Fawkes,dfawkese8@posterous.com,11th Floor
Binky,Treanor,btreanore9@mayoclinic.com,17th Floor
Pamelina,Karpf,pkarpfea@reuters.com,13th Floor
Jo,Kilbourne,jkilbourneeb@slashdot.org,PO Box 72335
Adelaide,Cuerdale,acuerdaleec@homestead.com,Room 1857
Curcio,Beiderbeck,cbeiderbecked@epa.gov,Room 21
Meier,Bonett,mbonettee@stumbleupon.com,Room 45
Beltran,Authers,bauthersef@twitter.com,Room 1504
Thorn,Henri,thenrieg@bloomberg.com,Room 1263
Bili,Calcut,bcalcuteh@friendfeed.com,Suite 81
Gregg,Prowting,gprowtingei@ftc.gov,Room 557
Arty,Keyworth,akeyworthej@oracle.com,PO Box 65828
Meridith,Drieu,mdrieuek@oracle.com,PO Box 78959
Valida,Eldrid,veldridel@dropbox.com,Suite 58
Julie,Martinez,jmartinezem@dagondesign.com,Apt 1941
Lina,Vanyushkin,lvanyushkinen@live.com,PO Box 13622
Mathe,Jansson,mjanssoneo@nsw.gov.au,PO Box 27779
Myrilla,Pinnock,mpinnockep@domainmarket.com,PO Box 21460
Andros,Gaitone,agaitoneeq@freewebs.com,Room 482
Kat,Jiri,kjirier@example.com,Suite 31
Nial,Puckinghorne,npuckinghornees@disqus.com,Apt 1013
Roxanna,Isaak,risaaket@t-online.de,19th Floor
Enos,Gunbie,egunbieeu@tinyurl.com,10th Floor
Delora,Vankov,dvankovev@tumblr.com,Room 546
Rodger,Uccello,ruccelloew@about.com,Apt 1294
Conny,Suerz,csuerzex@mit.edu,PO Box 42510
Massimo,Benns,mbennsey@toplist.cz,Apt 1092
Celine,Wakelin,cwakelinez@amazonaws.com,PO Box 72223
Millicent,Beynke,mbeynkef0@miibeian.gov.cn,13th Floor
Janek,Harper,jharperf1@ucla.edu,19th Floor
Domini,Trouncer,dtrouncerf2@hexun.com,PO Box 667
Lynnea,Ogbourne,logbournef3@gov.uk,PO Box 36270
Sukey,Melland,smellandf4@cbsnews.com,Suite 34
Shanda,Sanger,ssangerf5@reference.com,14th Floor
Herbert,Giacoppoli,hgiacoppolif6@newyorker.com,Suite 24
Olympie,Bailes,obailesf7@icq.com,1st Floor
Ray,Di Carli,rdicarlif8@toplist.cz,Suite 11
Halli,Smallsman,hsmallsmanf9@friendfeed.com,PO Box 16404
Karel,Alldre,kalldrefa@stumbleupon.com,Suite 13
Joline,Birrane,jbirranefb@unicef.org,Suite 55
Sylvia,Owthwaite,sowthwaitefc@w3.org,Suite 91
Benjamin,Persich,bpersichfd@so-net.ne.jp,PO Box 52910
Ava,Songer,asongerfe@yolasite.com,17th Floor
Vivianne,Leatham,vleathamff@fotki.com,Suite 51
Minda,Bettridge,mbettridgefg@vk.com,PO Box 94716
Theresa,Dingle,tdinglefh@census.gov,PO Box 44925
Ameline,Biddell,abiddellfi@biglobe.ne.jp,Apt 1293
Rowena,Vousden,rvousdenfj@go.com,PO Box 99072
Neala,Rawlins,nrawlinsfk@smugmug.com,12th Floor
Dosi,Riach,driachfl@japanpost.jp,Room 1464
Dougy,Helsdon,dhelsdonfm@boston.com,Room 1515
Chen,Boys,cboysfn@topsy.com,Suite 1
Mervin,Dicty,mdictyfo@rambler.ru,Suite 44
Fay,Fraser,ffraserfp@github.io,9th Floor
Mala,Wetherburn,mwetherburnfq@statcounter.com,1st Floor
Alfie,Blincoe,ablincoefr@cyberchimps.com,PO Box 70535
Kaia,De Filippo,kdefilippofs@uol.com.br,PO Box 76289
Arnuad,Arzu,aarzuft@gmpg.org,Apt 1078
Juliann,Embling,jemblingfu@whitehouse.gov,13th Floor
Misti,Skoggins,mskogginsfv@youtu.be,Suite 70
Patrica,Headan,pheadanfw@arstechnica.com,PO Box 88300
Marcellus,Leverett,mleverettfx@umich.edu,PO Box 77760
Ronni,Mitcham,rmitchamfy@spiegel.de,Suite 94
Bank,Andriuzzi,bandriuzzifz@vkontakte.ru,Apt 1252
Melanie,Allnutt,mallnuttg0@sohu.com,17th Floor
Isadora,Amesbury,iamesburyg1@livejournal.com,Apt 462
Agneta,Grandisson,agrandissong2@jimdo.com,PO Box 78721
Friederike,Castenda,fcastendag3@chicagotribune.com,Suite 4
Marylee,Klulisek,mklulisekg4@independent.co.uk,Room 788
Domenico,Pauncefoot,dpauncefootg5@cnn.com,PO Box 89758
Yasmeen,Sabater,ysabaterg6@shareasale.com,Suite 95
Oralee,Paolino,opaolinog7@sun.com,Room 1404
Gene,Lawless,glawlessg8@thetimes.co.uk,Apt 759
Basile,Derks,bderksg9@yellowbook.com,Room 748
Loreen,Wearn,lwearnga@businessinsider.com,Room 1006
Glenine,Baine,gbainegb@java.com,Suite 47
Nola,Sirett,nsirettgc@php.net,Suite 19
Arlina,Gerardeaux,agerardeauxgd@psu.edu,Room 411
Deerdre,Grigorian,dgrigoriange@unicef.org,4th Floor
Jean,Becconsall,jbecconsallgf@go.com,PO Box 91870
Gan,Eplate,geplategg@yale.edu,Apt 842
Del,Cumbes,dcumbesgh@myspace.com,Suite 96
Erminie,Langtree,elangtreegi@myspace.com,16th Floor
Tobe,Iianon,tiianongj@desdev.cn,12th Floor
Georgina,Bubear,gbubeargk@4shared.com,Suite 35
Cate,Leafe,cleafegl@uiuc.edu,Suite 59
Myrwyn,Clixby,mclixbygm@microsoft.com,14th Floor
Hyacinth,Scone,hsconegn@google.nl,5th Floor
Philipa,Guerreru,pguerrerugo@dell.com,14th Floor
Solly,Pietruszka,spietruszkagp@phpbb.com,PO Box 44085
Buck,Lawday,blawdaygq@cbsnews.com,Suite 14
Creigh,Zuppa,czuppagr@google.nl,Apt 1374
Jilli,Kemball,jkemballgs@biglobe.ne.jp,PO Box 79212
Vivia,Maurice,vmauricegt@craigslist.org,Room 465
Morlee,Mattiacci,mmattiaccigu@redcross.org,15th Floor
Dorothee,Simoncello,dsimoncellogv@fotki.com,Room 1769
Kevin,Haverson,khaversongw@friendfeed.com,9th Floor
Debera,Watton,dwattongx@so-net.ne.jp,Suite 24
Marius,Elland,mellandgy@moonfruit.com,Suite 37
Dion,Lockley,dlockleygz@sohu.com,19th Floor
Floris,Macci,fmaccih0@edublogs.org,PO Box 79206
Kristofor,Pasque,kpasqueh1@google.com.hk,Apt 810
Leela,Roset,lroseth2@4shared.com,11th Floor
Schuyler,Shera,ssherah3@example.com,13th Floor
Nealy,Smithyman,nsmithymanh4@walmart.com,1st Floor
Ermentrude,Priscott,epriscotth5@gmpg.org,Apt 600
Warde,Jurca,wjurcah6@hao123.com,Room 262
Sukey,Twining,stwiningh7@tripod.com,Apt 303
Eddy,Tait,etaith8@thetimes.co.uk,Suite 49
Tansy,Nelhams,tnelhamsh9@washington.edu,Room 1837
Flossie,Lemar,flemarha@japanpost.jp,8th Floor
Raddie,Clohissy,rclohissyhb@twitpic.com,Suite 89
Alejandro,Bowyer,abowyerhc@disqus.com,PO Box 38607
Bella,Reace,breacehd@intel.com,Apt 1532
Mechelle,Jadczak,mjadczakhe@businesswire.com,17th Floor
Inglebert,Wattingham,iwattinghamhf@photobucket.com,PO Box 39367
Sharron,Elsbury,selsburyhg@ca.gov,Suite 1
Gregoire,Heimes,gheimeshh@telegraph.co.uk,1st Floor
Abbye,Burdon,aburdonhi@eepurl.com,PO Box 4482
Lavinie,Dyball,ldyballhj@homestead.com,Room 418
Wait,Medforth,wmedforthhk@squarespace.com,14th Floor
Albertine,Neame,aneamehl@wisc.edu,Apt 1305
Becki,Willavoys,bwillavoyshm@opera.com,Apt 445
Trip,Spataro,tspatarohn@pinterest.com,PO Box 92233
Carrie,Spykins,cspykinsho@google.com.br,Room 275
Georgie,Edgehill,gedgehillhp@sciencedaily.com,Room 7
Lisha,Friend,lfriendhq@friendfeed.com,Room 1767
Remington,Rawdales,rrawdaleshr@ft.com,16th Floor
Archie,De Blasio,adeblasiohs@google.es,1st Floor
Allissa,Wheelhouse,awheelhouseht@chicagotribune.com,Apt 1088
Kari,Bettles,kbettleshu@nationalgeographic.com,PO Box 48201
Pablo,Maddison,pmaddisonhv@tiny.cc,1st Floor
Averil,Feltham,afelthamhw@delicious.com,PO Box 11342
Arin,Kerrod,akerrodhx@pen.io,PO Box 5493
Myron,Kowalski,mkowalskihy@twitter.com,Suite 33
Gal,Winthrop,gwinthrophz@chronoengine.com,Apt 1600
Simona,Tynnan,stynnani0@i2i.jp,11th Floor
Stefa,Bortolomei,sbortolomeii1@census.gov,PO Box 82633
Judye,Eccleston,jecclestoni2@noaa.gov,PO Box 33523
Harriett,Houchin,hhouchini3@rakuten.co.jp,PO Box 49830
Danila,Hickinbottom,dhickinbottomi4@deliciousdays.com,Suite 54
Agosto,Grouvel,agrouveli5@hud.gov,PO Box 6180
Ossie,Murdoch,omurdochi6@about.me,Apt 977
Tanhya,Sterman,tstermani7@opensource.org,Suite 93
Rina,Catenot,rcatenoti8@biblegateway.com,Apt 592
Davita,Wenn,dwenni9@nbcnews.com,Room 1599
Leola,Midgely,lmidgelyia@adobe.com,8th Floor
Jobina,Groombridge,jgroombridgeib@baidu.com,14th Floor
Briant,Round,broundic@behance.net,PO Box 96767
Rory,Ilden,rildenid@toplist.cz,Suite 79
Zed,Morl,zmorlie@booking.com,Room 1099
Waly,Stribbling,wstribblingif@amazon.com,Room 40
Carlen,Brixey,cbrixeyig@weibo.com,Room 1804
Emory,Yeats,eyeatsih@omniture.com,Apt 987
Larine,Sickamore,lsickamoreii@umn.edu,Suite 18
Bing,Southam,bsouthamij@answers.com,7th Floor
Agna,Drewell,adrewellik@t-online.de,PO Box 70537
Krishnah,Fairlem,kfairlemil@goo.ne.jp,Apt 530
Idalina,Polye,ipolyeim@imdb.com,Apt 1253
Manda,Mickan,mmickanin@wikia.com,5th Floor
Stephani,Lembrick,slembrickio@nifty.com,Room 1744
Lisette,Gonet,lgonetip@wordpress.com,Apt 1084
Gabriello,Disley,gdisleyiq@howstuffworks.com,Suite 92
Lora,Matskevich,lmatskevichir@google.ca,PO Box 47763
Alisander,Silvermann,asilvermannis@samsung.com,Suite 86
Claire,Robey,crobeyit@theglobeandmail.com,Apt 1236
Almira,Houselee,ahouseleeiu@amazon.com,Apt 1456
Brandi,O' Hogan,bohoganiv@wikispaces.com,Room 467
Goober,Jerome,gjeromeiw@msn.com,Apt 1167
Addia,Cutridge,acutridgeix@dell.com,Room 1323
Goddard,Howarth,ghowarthiy@google.cn,Room 91
Poppy,Pieters,ppietersiz@devhub.com,Apt 1629
Cecilla,Chew,cchewj0@de.vu,Apt 1221
Nikolai,Capps,ncappsj1@google.nl,PO Box 4479
Kipp,Code,kcodej2@goodreads.com,Room 1354
Ardella,Breeton,abreetonj3@mit.edu,Apt 478
Vera,Dye,vdyej4@linkedin.com,Apt 1224
Lars,Chalice,lchalicej5@prweb.com,Room 1652
Jenn,Thames,jthamesj6@mozilla.org,PO Box 27277
Sindee,Howieson,showiesonj7@sfgate.com,Suite 41
Terri-jo,O'Regan,toreganj8@so-net.ne.jp,PO Box 55171
Euphemia,Geggus,egeggusj9@woothemes.com,Suite 60
Brod,Lalley,blalleyja@diigo.com,Apt 1890
Jacenta,Doerren,jdoerrenjb@reddit.com,Room 972
Spencer,McCrohon,smccrohonjc@huffingtonpost.com,Room 1539
Emera,Beuscher,ebeuscherjd@mozilla.com,PO Box 58645
Burnaby,Kondrachenko,bkondrachenkoje@mysql.com,Room 1033
Belia,Sessions,bsessionsjf@tripadvisor.com,20th Floor
Amos,Wroth,awrothjg@state.tx.us,Apt 939
Harwell,Giacubbo,hgiacubbojh@ucsd.edu,Suite 76
Sergeant,Peebles,speeblesji@google.com.hk,PO Box 63307
Sayres,Dwane,sdwanejj@bizjournals.com,Apt 179
Emiline,Weighell,eweighelljk@mtv.com,7th Floor
Jewell,Lancaster,jlancasterjl@smh.com.au,Apt 87
Rudie,Stedmond,rstedmondjm@redcross.org,Room 350
Hakim,Tivenan,htivenanjn@wix.com,12th Floor
Dulce,Sibbs,dsibbsjo@redcross.org,PO Box 39866
Beilul,Hannaby,bhannabyjp@joomla.org,Apt 538
Randie,Linzey,rlinzeyjq@arstechnica.com,PO Box 84279
Dre,Laffan,dlaffanjr@vinaora.com,PO Box 96932
Ashlin,Haitlie,ahaitliejs@java.com,Room 436
Scarlet,Gokes,sgokesjt@apple.com,Room 1623
Olin,Poltone,opoltoneju@google.com.au,18th Floor
Lyda,Swanger,lswangerjv@pagesperso-orange.fr,20th Floor
Garvy,Baselli,gbasellijw@flavors.me,Apt 1897
Benoite,Bogies,bbogiesjx@sphinn.com,Apt 1019
Emylee,Curl,ecurljy@msn.com,Room 685
Elene,Dufer,eduferjz@printfriendly.com,Apt 1903
Daren,Brackpool,dbrackpoolk0@livejournal.com,Room 628
Raynard,Defau,rdefauk1@youku.com,Suite 10
Arley,Daton,adatonk2@tuttocitta.it,Room 1431
Grange,Carvell,gcarvellk3@bbb.org,Apt 1508
Em,Bassam,ebassamk4@admin.ch,Apt 186
Ev,Glendza,eglendzak5@github.com,Suite 67
Inger,Blackman,iblackmank6@sakura.ne.jp,1st Floor
Jerri,Richings,jrichingsk7@imdb.com,Room 77
Raimundo,Iacovacci,riacovaccik8@biblegateway.com,PO Box 25640
Kylynn,Pero,kperok9@gravatar.com,Apt 418
Iseabal,Mathiot,imathiotka@ftc.gov,Room 476
Clair,Marrill,cmarrillkb@utexas.edu,Apt 707
Jared,Tucker,jtuckerkc@netvibes.com,Apt 1121
Joya,Lidstone,jlidstonekd@cnet.com,Suite 86
Arlinda,Kersaw,akersawke@hatena.ne.jp,Suite 47
Merry,Fernier,mfernierkf@goo.gl,PO Box 42667
Jaynell,Olennikov,jolennikovkg@scribd.com,20th Floor
Mort,Spino,mspinokh@paginegialle.it,3rd Floor
Erwin,Leist,eleistki@patch.com,11th Floor
Prentiss,Eskrigge,peskriggekj@flickr.com,Suite 49
Rowen,Trittam,rtrittamkk@macromedia.com,Suite 91
Reena,Louder,rlouderkl@example.com,Apt 658
Adelaide,Wisden,awisdenkm@si.edu,Suite 79
Conrad,De Pero,cdeperokn@engadget.com,Apt 558
Jill,Clowton,jclowtonko@about.me,PO Box 77192
Alissa,Brimley,abrimleykp@nyu.edu,Suite 18
Bendick,Ather,batherkq@pagesperso-orange.fr,Suite 64
Elinor,Cornels,ecornelskr@walmart.com,Room 1195
Ogdon,Elsley,oelsleyks@si.edu,PO Box 18871
Janey,Beardsall,jbeardsallkt@businessweek.com,PO Box 57569
Lorelle,Dybbe,ldybbeku@myspace.com,3rd Floor
Sarena,Fayre,sfayrekv@constantcontact.com,Suite 74
Gracie,Haliburn,ghaliburnkw@ucla.edu,Room 1627
Darb,Chatfield,dchatfieldkx@github.com,9th Floor
Farley,Graffham,fgraffhamky@spotify.com,Suite 69
Penny,Hansed,phansedkz@jiathis.com,5th Floor
Rancell,Alessandrucci,ralessandruccil0@blogs.com,Apt 1804
Elliot,Borsay,eborsayl1@sciencedaily.com,Apt 120
Christoper,Berni,cbernil2@lycos.com,13th Floor
Bonita,Blakeston,bblakestonl3@tinypic.com,Suite 56
Gabe,Rodgers,grodgersl4@barnesandnoble.com,10th Floor
Konrad,Bruinemann,kbruinemannl5@jigsy.com,PO Box 82956
Aluino,Morch,amorchl6@jiathis.com,Apt 923
Deena,Weekly,dweeklyl7@imageshack.us,Suite 36
Angelo,Wyman,awymanl8@dion.ne.jp,Room 1394
Marlow,Daw,mdawl9@vimeo.com,Room 1879
Aigneis,Heugle,aheuglela@wordpress.org,Room 1930
Harp,Rosengarten,hrosengartenlb@so-net.ne.jp,PO Box 59697
Mella,Soal,msoallc@nps.gov,Room 2000
Geneva,Kobu,gkobuld@ask.com,PO Box 91217
Timi,Saiger,tsaigerle@oaic.gov.au,18th Floor
Ruth,Morefield,rmorefieldlf@mtv.com,Apt 550
Sue,Fairbeard,sfairbeardlg@ted.com,Room 1259
Vina,Kenneford,vkennefordlh@trellian.com,12th Floor
Findley,Collelton,fcolleltonli@4shared.com,1st Floor
Natalya,Antoniottii,nantoniottiilj@oracle.com,Apt 812
Josselyn,Ingarfill,jingarfilllk@sourceforge.net,Suite 86
Sibylle,Clapison,sclapisonll@blogger.com,Room 1864
Tobiah,McBrearty,tmcbreartylm@hp.com,Room 1034
Nannie,Trace,ntraceln@hud.gov,Suite 7
Sauncho,Hedau,shedaulo@a8.net,Room 460
Karon,Tunnah,ktunnahlp@a8.net,Apt 488
Isa,Bridgett,ibridgettlq@imdb.com,Room 1547
Carlotta,Kettlesting,ckettlestinglr@ucsd.edu,13th Floor
Syman,Rippen,srippenls@fotki.com,4th Floor
Oren,Rosone,orosonelt@arizona.edu,PO Box 84038
Andreas,Rhoades,arhoadeslu@businessinsider.com,Suite 73
Jacki,Restorick,jrestoricklv@prweb.com,Apt 1003
Westbrooke,Hames,whameslw@scientificamerican.com,Suite 4
Konstance,Trice,ktricelx@xrea.com,8th Floor
Rollo,Winch,rwinchly@ted.com,Apt 82
Heriberto,Rump,hrumplz@infoseek.co.jp,5th Floor
Wyatt,MacCawley,wmaccawleym0@php.net,19th Floor
Neilla,Camelia,ncameliam1@topsy.com,Apt 1072
Goldy,Oneal,gonealm2@google.com,Room 1801
Ahmad,Willeson,awillesonm3@a8.net,Room 1851
Rica,Gherardelli,rgherardellim4@skype.com,Apt 1874
Afton,Biggen,abiggenm5@xinhuanet.com,PO Box 44702
Douglas,Warstall,dwarstallm6@ehow.com,Apt 692
Cyril,Millgate,cmillgatem7@uiuc.edu,Room 24
Aldous,Gullan,agullanm8@netscape.com,11th Floor
Obie,Longwood,olongwoodm9@pcworld.com,Suite 87
Chase,Naul,cnaulma@purevolume.com,PO Box 12043
Alastair,Dykas,adykasmb@mail.ru,Room 559
Myer,Seacombe,mseacombemc@merriam-webster.com,16th Floor
Keri,Wimms,kwimmsmd@cnbc.com,PO Box 8641
Joby,Backshaw,jbackshawme@msn.com,PO Box 76177
Lilyan,Argontt,largonttmf@marketwatch.com,Room 507
Spike,Kender,skendermg@lycos.com,Apt 1836
Jacinda,Sharple,jsharplemh@altervista.org,18th Floor
Bail,Noquet,bnoquetmi@hugedomains.com,18th Floor
Gina,Dibley,gdibleymj@sakura.ne.jp,12th Floor
Horatio,Huthart,hhuthartmk@buzzfeed.com,Suite 89
Aileen,Crutchfield,acrutchfieldml@cafepress.com,Suite 99
Tessie,Creamen,tcreamenmm@theglobeandmail.com,Apt 1731
Rani,Carlyon,rcarlyonmn@acquirethisname.com,4th Floor
Blinny,Cush,bcushmo@360.cn,Suite 61
Shellie,Sommerled,ssommerledmp@mapy.cz,PO Box 97788
Fleur,Cookson,fcooksonmq@latimes.com,19th Floor
Putnem,Goulder,pgouldermr@msn.com,PO Box 19434
Barrie,Mockett,bmockettms@craigslist.org,Apt 508
Jarvis,Wolvey,jwolveymt@gizmodo.com,Apt 1009
Rodge,Featherbie,rfeatherbiemu@imgur.com,Apt 46
Ted,Van Haeften,tvanhaeftenmv@ning.com,Apt 1839
Starr,Devereux,sdevereuxmw@home.pl,Suite 73
Gavra,McQuillin,gmcquillinmx@amazon.de,Suite 47
Jethro,Cunde,jcundemy@sogou.com,Room 681
Skell,Hunnaball,shunnaballmz@csmonitor.com,PO Box 45959
Editha,Chaikovski,echaikovskin0@gizmodo.com,Apt 1411
Arlin,Lefwich,alefwichn1@addtoany.com,Room 450
Sephira,Cavnor,scavnorn2@blog.com,Room 1747
Karee,Sherr,ksherrn3@netscape.com,PO Box 76157
Candice,Dunthorne,cdunthornen4@discovery.com,Apt 1044
Thoma,Doctor,tdoctorn5@posterous.com,Suite 42
Orazio,Catmull,ocatmulln6@mozilla.org,Suite 2
Sydney,Feasley,sfeasleyn7@blogspot.com,Apt 1846
Jerrine,Casbolt,jcasboltn8@auda.org.au,6th Floor
Tades,Tappington,ttappingtonn9@reuters.com,Room 1915
Borg,Hourahan,bhourahanna@sina.com.cn,5th Floor
Darryl,Crighton,dcrightonnb@joomla.org,Suite 45
Robinson,Yapp,ryappnc@engadget.com,PO Box 53560
Marlow,Attewell,mattewellnd@etsy.com,Room 655
Trenton,Tregiddo,ttregiddone@sun.com,PO Box 55053
Edd,Billingsly,ebillingslynf@1und1.de,Suite 18
Zachery,Priestman,zpriestmanng@slideshare.net,10th Floor
Solly,Flinders,sflindersnh@yolasite.com,Apt 385
Lawrence,Cattemull,lcattemullni@kickstarter.com,19th Floor
Ariella,Paice,apaicenj@reddit.com,Suite 24
Seymour,Brettelle,sbrettellenk@ucsd.edu,Apt 936
Merwyn,Ahrend,mahrendnl@issuu.com,Apt 666
Rozalie,Corteis,rcorteisnm@instagram.com,16th Floor
Reeba,Hickford,rhickfordnn@dropbox.com,16th Floor
Wanda,Bulteel,wbulteelno@umich.edu,PO Box 8629
Tildy,Prandy,tprandynp@prweb.com,Apt 855
Athene,Leake,aleakenq@ycombinator.com,Room 22
Dore,Clee,dcleenr@discuz.net,Room 1586
Janaye,Berthon,jberthonns@zimbio.com,Room 1483
Enrica,Cordeau],ecordeaunt@hibu.com,Suite 29
Lanna,Faulks,lfaulksnu@twitter.com,PO Box 20826
Maddalena,Glaserman,mglasermannv@myspace.com,Room 1522
Parke,Lundy,plundynw@uol.com.br,Room 979
Ad,Sidary,asidarynx@xing.com,9th Floor
Rodd,Coneybeer,rconeybeerny@salon.com,Apt 1191
Anabel,Hannaford,ahannafordnz@nationalgeographic.com,Room 199
Adelina,Eskriet,aeskrieto0@alibaba.com,9th Floor
Sharon,Fidler,sfidlero1@liveinternet.ru,PO Box 51046
Atlante,Noweak,anoweako2@privacy.gov.au,PO Box 20588
Giorgi,Gott,ggotto3@vk.com,Suite 90
Libbey,Shulver,lshulvero4@shutterfly.com,Room 331
Sam,Tanner,stannero5@usatoday.com,PO Box 92787
Myca,Putman,mputmano6@globo.com,Apt 213
Humfrey,Emps,hempso7@yahoo.com,Apt 1901
Marylynne,Doman,mdomano8@hexun.com,16th Floor
Petrina,Pears,ppearso9@aboutads.info,17th Floor
Alyson,Manclark,amanclarkoa@sciencedirect.com,14th Floor
Deeanne,Leadbeatter,dleadbeatterob@cbc.ca,Apt 1076
Sauveur,Brion,sbrionoc@imgur.com,Room 210
Almeta,Brunel,abrunelod@jimdo.com,Room 1435
Gail,Tudor,gtudoroe@fema.gov,Apt 651
Viviana,Pett,vpettof@smugmug.com,Apt 1707
Paco,Wolpert,pwolpertog@blinklist.com,20th Floor
Lisbeth,Silverton,lsilvertonoh@techcrunch.com,PO Box 30453
Daryl,Bernardi,dbernardioi@omniture.com,Suite 10
Catherina,Keming,ckemingoj@spotify.com,Room 1552
Raquela,Thurbon,rthurbonok@hubpages.com,PO Box 98072
Dode,Buckbee,dbuckbeeol@hp.com,Suite 72
Darrell,Gianasi,dgianasiom@wix.com,17th Floor
Gaby,Greder,ggrederon@wikipedia.org,Suite 4
Cristionna,Platt,cplattoo@usgs.gov,5th Floor
Lissa,Sich,lsichop@seattletimes.com,8th Floor
Bastian,Pole,bpoleoq@webs.com,Apt 650
Jewell,Gut,jgutor@naver.com,Apt 633
Audrye,Chartres,achartresos@altervista.org,Suite 57
Philly,Deeny,pdeenyot@behance.net,Apt 384
Ophelia,Jone,ojoneou@china.com.cn,Apt 482
Diann,Maryott,dmaryottov@economist.com,11th Floor
Elianore,Sprigg,espriggow@europa.eu,Suite 59
Cecil,Mayor,cmayorox@mac.com,Apt 1915
Gunner,Skillings,gskillingsoy@usatoday.com,Room 1144
Ned,Dredge,ndredgeoz@tripod.com,Apt 1802
Cherise,Allderidge,callderidgep0@dagondesign.com,PO Box 3736
Caz,Peacop,cpeacopp1@pinterest.com,Apt 1093
Gustav,Martel,gmartelp2@yale.edu,Room 1112
Wandie,Collman,wcollmanp3@answers.com,13th Floor
Berenice,Muneely,bmuneelyp4@foxnews.com,4th Floor
Aime,Pain,apainp5@sina.com.cn,4th Floor
Marika,Edney,medneyp6@usatoday.com,PO Box 42834
Rahel,Fall,rfallp7@bravesites.com,PO Box 98690
Mable,Godmar,mgodmarp8@imdb.com,PO Box 35116
Cody,Varney,cvarneyp9@bloomberg.com,4th Floor
Mateo,Jamot,mjamotpa@amazon.co.jp,PO Box 55961
Corena,Adair,cadairpb@gnu.org,Apt 963
Arte,Bilney,abilneypc@tamu.edu,Suite 57
Allissa,Whyley,awhyleypd@adobe.com,Room 725
Abbey,Clerke,aclerkepe@google.fr,Apt 261
Dael,Desorts,ddesortspf@whitehouse.gov,19th Floor
Petey,Langmuir,plangmuirpg@msn.com,13th Floor
Adolphe,Ilyinski,ailyinskiph@is.gd,Suite 96
Cornie,Juares,cjuarespi@photobucket.com,PO Box 77881
Chryste,Phillimore,cphillimorepj@ning.com,PO Box 36055
Charissa,Breyt,cbreytpk@gmpg.org,4th Floor
Jessika,Strattan,jstrattanpl@jalbum.net,PO Box 63220
Andros,Wisher,awisherpm@51.la,PO Box 83028
Alejoa,Lishman,alishmanpn@newyorker.com,Room 1055
Eran,Gremane,egremanepo@tripadvisor.com,PO Box 1257
Donnie,Foskew,dfoskewpp@auda.org.au,19th Floor
Karleen,Seedull,kseedullpq@boston.com,Suite 23
Windham,Pasquale,wpasqualepr@fc2.com,Suite 96
Chrotoem,Saltern,csalternps@usgs.gov,Apt 1935
Tybie,Yurchenko,tyurchenkopt@yahoo.com,Apt 1385
Dulci,Beche,dbechepu@printfriendly.com,Room 1928
Veronika,Seefus,vseefuspv@ebay.com,Room 1265
Ginger,Parley,gparleypw@ucla.edu,PO Box 25861
Goldi,Roset,grosetpx@scientificamerican.com,Apt 1850
Eva,Starking,estarkingpy@networksolutions.com,Suite 26
Kathrine,Neames,kneamespz@theglobeandmail.com,Room 287
Clive,Artrick,cartrickq0@sitemeter.com,Suite 51
Luce,Gantzer,lgantzerq1@simplemachines.org,Apt 1221
Juliet,Miliffe,jmiliffeq2@lulu.com,15th Floor
Cathrin,McIlmurray,cmcilmurrayq3@squarespace.com,PO Box 43876
Renault,Moring,rmoringq4@yandex.ru,Room 1552
Paulie,Danilovic,pdanilovicq5@tumblr.com,PO Box 63681
Bill,Foard,bfoardq6@nbcnews.com,Suite 67
Taddeo,Webster,twebsterq7@msn.com,10th Floor
Cherida,Eustace,ceustaceq8@smh.com.au,Apt 1986
Luciano,Fillery,lfilleryq9@blogger.com,8th Floor
Angel,Westnedge,awestnedgeqa@blogtalkradio.com,Apt 1581
Korey,Worrill,kworrillqb@elegantthemes.com,Suite 64
Natividad,Scowcroft,nscowcroftqc@ocn.ne.jp,Room 462
Fredek,L'Hommee,flhommeeqd@1und1.de,2nd Floor
Gerhardt,Huthart,ghuthartqe@simplemachines.org,Suite 69
Morgan,Otson,motsonqf@mtv.com,Apt 12
Adena,Rowler,arowlerqg@exblog.jp,13th Floor
Chance,Wilbore,cwilboreqh@chron.com,Apt 820
Shandra,Harmer,sharmerqi@smugmug.com,10th Floor
Pavia,Ovitts,povittsqj@admin.ch,PO Box 86902
Leupold,Pickwell,lpickwellqk@scientificamerican.com,9th Floor
Clem,Bunney,cbunneyql@usgs.gov,PO Box 6054
Elle,Itzkovich,eitzkovichqm@census.gov,4th Floor
Donelle,Harrismith,dharrismithqn@phoca.cz,Room 1908
Chariot,Charsley,ccharsleyqo@google.de,PO Box 14116
Tiff,Sporrij,tsporrijqp@fema.gov,Room 1131
Hendrick,Vedeniktov,hvedeniktovqq@arizona.edu,PO Box 43321
Lenette,Dosdale,ldosdaleqr@issuu.com,Apt 1973
Gill,Gritsaev,ggritsaevqs@cocolog-nifty.com,Apt 390
Gwyneth,Melesk,gmeleskqt@va.gov,Apt 670
Jaclyn,Inglis,jinglisqu@nih.gov,Suite 23
Kelvin,Veldens,kveldensqv@newsvine.com,Room 411
Mal,Pottberry,mpottberryqw@ft.com,PO Box 34514
Ettore,Strethill,estrethillqx@washington.edu,Room 1272
Wilmar,Brunskill,wbrunskillqy@mashable.com,Apt 390
Meade,O'Shesnan,moshesnanqz@ow.ly,PO Box 91676
Kerianne,Bentote,kbentoter0@de.vu,9th Floor
Lulita,Jordison,ljordisonr1@gravatar.com,Room 1119
Darsie,Mercey,dmerceyr2@cnbc.com,Suite 70
Milicent,Cosson,mcossonr3@twitpic.com,15th Floor
Tootsie,Winckle,twinckler4@furl.net,Apt 846
Fionna,Londer,flonderr5@redcross.org,PO Box 22958
Kippie,Blaise,kblaiser6@alexa.com,PO Box 19619
Fleming,Cristofvao,fcristofvaor7@sbwire.com,Apt 498
Riobard,Titta,rtittar8@dell.com,Apt 524
Dasie,Clague,dclaguer9@ucla.edu,PO Box 89321
Cassi,Pirri,cpirrira@surveymonkey.com,Suite 68
Hobey,Wilcocke,hwilcockerb@mlb.com,Room 419
Adlai,Hartopp,ahartopprc@unesco.org,18th Floor
Vick,Hazelden,vhazeldenrd@miitbeian.gov.cn,PO Box 78966
Wallis,Maltby,wmaltbyre@sogou.com,Room 893
Ileana,Gilardi,igilardirf@tmall.com,Suite 26
Mavra,Guitonneau,mguitonneaurg@prweb.com,Apt 1192
Bettine,Stiell,bstiellrh@wordpress.com,Suite 29
Kyle,Bolesma,kbolesmari@miitbeian.gov.cn,6th Floor
Linn,Elsegood,lelsegoodrj@theglobeandmail.com,11th Floor
Grantham,Fabri,gfabrirk@ed.gov,Apt 153
Reamonn,Langhor,rlanghorrl@wordpress.org,Apt 589
Jaine,Barnsley,jbarnsleyrm@amazon.co.jp,Room 1915
Flint,Penk,fpenkrn@zdnet.com,Apt 597
Reinhold,Milesap,rmilesapro@acquirethisname.com,Suite 97
Jonathon,Ackerley,jackerleyrp@privacy.gov.au,Suite 51
Cherida,Laible,claiblerq@google.com.br,PO Box 26129
Rafaello,Wainwright,rwainwrightrr@unesco.org,PO Box 15926
